object_id,seq,lib,desc,x,y,designator,comment,manufacturer,mpn,pin_count
2489,2490,CMP-001-0001-4,0.6mm round,280,40,TP?,TPAD6R,,,1
3766,3767,S1751-46R,Test Point,80,50,TP?,S1751-46R,Harwin,S1751-46R,1
2470,2471,CMP-001-0001-4,0.6mm round,280,70,TP?,TPAD6R,,,1
4441,4442,1029c3af85768c4190bb7ad29bc67b5,1MO ±5% 0.125W 0805 Thick Film Chip Resistor AEC-Q200 compliant,440,70,R?,1MR,,,2
3729,3730,S1751-46R,Test Point,80,90,TP?,S1751-46R,Harwin,S1751-46R,1
2451,2452,CMP-001-0001-4,0.6mm round,280,100,TP?,TPAD6R,,,1
4133,4134,1029c3af85768c4190bb7ad29bc67b5,100O ±1% 0.125W 0603 High Power Anti-Sulfur Thin Film Chip Resistor,440,110,R?,100R,,,2
3683,3684,CAP-NP-2,"Chip Capacitor, 100 nF, +/- 10%, 50 V, -55 to 125 degC, 0603 (1608 Metric), RoHS, Tape and Reel",910,120,C?,100nF,,,2
1521,1522,S1751-46R,Test Point,80,130,TP?,S1751-46R,Harwin,S1751-46R,1
2432,2433,CMP-001-0001-4,0.6mm round,280,130,TP?,TPAD6R,,,1
732,733,CN-1P-M-R4,"Male Header, Pitch 2 mm, 1 x 4 Position, Height 6 mm, Tail Length 3.4 mm, -25 to 85 degC, RoHS, Bulk",790,130,P?,B4B-PH-K-S(LF)(SN),,,4
2413,2414,CMP-001-0001-4,0.6mm round,280,160,TP?,TPAD6R,,,1
3492,3493,1029c3af85768c4190bb7ad29bc67b5,RES 10kO 5.00% 0.2W 0603,670,160,R?,10kR,,,2
3639,3640,CAP-NP-2,"Chip Capacitor, 100 nF, +/- 10%, 50 V, -55 to 125 degC, 0603 (1608 Metric), RoHS, Tape and Reel",910,160,C?,100nF,,,2
1503,1504,S1751-46R,Test Point,80,170,TP?,S1751-46R,Harwin,S1751-46R,1
2394,2395,CMP-001-0001-4,0.6mm round,280,190,TP?,TPAD6R,,,1
4106,4107,PS1240P02BT,Loudspeaker or Buzzer,490,190,LS?,PS1240P02BT,TDK,PS1240P02BT,2
3576,3577,1029c3af85768c4190bb7ad29bc67b5,100O ±1% 0.125W 0603 High Power Anti-Sulfur Thin Film Chip Resistor,670,200,R?,100R,,,2
3979,3980,1029c3af85768c4190bb7ad29bc67b5,33O ±1% 0.125W 0805 Thick Film Chip Resistor AEC-Q200 compliant,1270,200,R?,33R,,,2
2375,2376,CMP-001-0001-4,0.6mm round,280,220,TP?,TPAD6R,,,1
3525,3526,1029c3af85768c4190bb7ad29bc67b5,100O ±1% 0.125W 0603 High Power Anti-Sulfur Thin Film Chip Resistor,670,230,R?,100R,,,2
3929,3930,1029c3af85768c4190bb7ad29bc67b5,33O ±1% 0.125W 0805 Thick Film Chip Resistor AEC-Q200 compliant,1270,240,R?,33R,,,2
3879,3880,1029c3af85768c4190bb7ad29bc67b5,33O ±1% 0.125W 0805 Thick Film Chip Resistor AEC-Q200 compliant,1270,280,R?,33R,,,2
3316,3317,TXU0202DCUR,Integrated Circuit,710,300,IC?,TXU0202DCUR,Texas Instruments,TXU0202DCUR,8
1931,1932,b4654b650e69147ec39a6b967a45e02,"Chip Multilayer Ceramic Capacitors for General Purpose, 0805, 10uF, X5R, 15%, 20%, 25V",260,320,C?,10uF,,,2
1841,1842,b4654b650e69147ec39a6b967a45e02,"Chip Multilayer Ceramic Capacitors for General Purpose, 1206, 22uF, X5R, 15%, 20%, 16V",500,320,C?,22uF,,,2
3829,3830,1029c3af85768c4190bb7ad29bc67b5,33O ±1% 0.125W 0805 Thick Film Chip Resistor AEC-Q200 compliant,1270,320,R?,33R,,,2
1796,1797,CAP-NP-2,"Chip Capacitor, 100 nF, +/- 10%, 50 V, -55 to 125 degC, 0603 (1608 Metric), RoHS, Tape and Reel",280,350,C?,100nF,,,2
3443,3444,CAP-NP-2,"Chip Capacitor, 100 nF, +/- 10%, 50 V, -55 to 125 degC, 0603 (1608 Metric), RoHS, Tape and Reel",680,350,C?,100nF,,,2
3747,3748,S1751-46R,Test Point,80,360,TP?,S1751-46R,Harwin,S1751-46R,1
1885,1886,b4654b650e69147ec39a6b967a45e02,"Chip Multilayer Ceramic Capacitors for General Purpose, 1206, 22uF, X5R, 15%, 20%, 16V",500,360,C?,22uF,,,2
3784,3785,1029c3af85768c4190bb7ad29bc67b5,RES 100kO 1.00% 0.2W 0603,870,360,R?,100kR,,,2
1718,1719,1029c3af85768c4190bb7ad29bc67b5,RES 100kO 1.00% 0.2W 0603,300,400,R?,100kR,,,2
1480,1481,S1751-46R,Test Point,80,410,TP?,S1751-46R,Harwin,S1751-46R,1
1669,1670,725321dda6339637d4d059423bc1c3c,FIXED IND 3.3UH 3.5A 76 MOHM SMD,460,410,L?,3.3uH,,,2
4063,4064,1029c3af85768c4190bb7ad29bc67b5,RES 10kO 5.00% 0.2W 0603,1300,410,R?,10kR,,,2
3399,3400,CAP-NP-2,"Chip Capacitor, 100 nF, +/- 10%, 50 V, -55 to 125 degC, 0603 (1608 Metric), RoHS, Tape and Reel",880,430,C?,100nF,,,2
599,600,0e61c2974d7114b43f01ef96ae2e524,IC REG BUCK 3.3V 2A TSOT26,300,440,U?,AP63203WU-7,,,6
1748,1749,f23184f103b6ebe33a8c269c53dcba6,Cap Ceramic 0.1uF 50V X7R 10% Pad SMD 0603 Soft Termination +125°C Automotive T/R,420,440,C?,100nF,,,2
3352,3353,b4654b650e69147ec39a6b967a45e02,"Chip Multilayer Ceramic Capacitors for General Purpose, 0805, 10uF, X5R, 15%, 20%, 25V",850,450,C?,10uF,,,2
766,767,4e16b2d45535132dfc94a0c32fbd9e7,BM14B-GHS-TBT(LF)(SN) Conn Shrouded Header HDR 14 POS 1.25mm Solder ST Top Entry SMD T/R,1110,450,J?,BM14B-GHS-TBT(LF)(SN),,,16
4034,4035,1029c3af85768c4190bb7ad29bc67b5,RES 10kO 5.00% 0.2W 0603,1300,450,R?,10kR,,,2
1462,1463,S1751-46R,Test Point,80,460,TP?,S1751-46R,Harwin,S1751-46R,1
703,704,7dede5ae6ec4f64f362f8612ed9bb45,POWER MANAGEMENT,710,460,U?,TPS22919DCKR,,,6
1444,1445,S1751-46R,Test Point,80,510,TP?,S1751-46R,Harwin,S1751-46R,1
1575,1576,1029c3af85768c4190bb7ad29bc67b5,RES SMD 1.6K OHM 1% 1/10W 0603,400,520,R?,1.6kR,,,2
3099,3100,1029c3af85768c4190bb7ad29bc67b5,RES 100kO 1.00% 0.2W 0603,1100,540,R?,100kR,,,2
3288,3289,02cd4be3c70576c341d710602a673aa,Multi-Layer Ceramic Capacitor 1uF 25V X7R ±10% 0603 Paper T/R,1440,550,C?,1uF,,,2
1426,1427,S1751-46R,Test Point,80,560,TP?,S1751-46R,Harwin,S1751-46R,1
1641,1642,440055-5,Connector,260,560,IMU?,440055-5,TE Connectivity,440055-5,5
1544,1545,1029c3af85768c4190bb7ad29bc67b5,RES 10kO 5.00% 0.2W 0603,400,560,R?,10kR,,,2
2227,2228,SPST-NO_4P,Switch Tactile N.O. SPST Round Button Gull Wing 0.05A 12VDC 1000000Cycles 1.57N SMD Reel,660,560,SW?,430182043816,,,4
2316,2317,SPST-NO_4P,Switch Tactile N.O. SPST Round Button Gull Wing 0.05A 12VDC 1000000Cycles 1.57N SMD Reel,810,560,SW?,430182043816,,,4
2691,2692,1029c3af85768c4190bb7ad29bc67b5,RES 10kO 5.00% 0.2W 0603,1100,580,R?,10kR,,,2
3245,3246,CAP-NP-2,"Chip Capacitor, 100 nF, +/- 10%, 50 V, -55 to 125 degC, 0603 (1608 Metric), RoHS, Tape and Reel",1460,580,C?,100nF,,,2
3146,3147,1029c3af85768c4190bb7ad29bc67b5,RES 10kO 5.00% 0.2W 0603,1220,590,R?,10kR,,,2
2202,2203,02cd4be3c70576c341d710602a673aa,Multi-Layer Ceramic Capacitor 1uF 25V X7R ±10% 0603 Paper T/R,700,600,C?,1uF,,,2
1408,1409,S1751-46R,Test Point,80,610,TP?,S1751-46R,Harwin,S1751-46R,1
2661,2662,1029c3af85768c4190bb7ad29bc67b5,RES 10kO 5.00% 0.2W 0603,1100,620,R?,10kR,,,2
1162,1163,f23184f103b6ebe33a8c269c53dcba6,Cap Ceramic 1000pF 50V X7R 10% Pad SMD 0603 Soft Termination +125°C Automotive T/R,450,630,C?,1nF,,,2
2814,2815,1029c3af85768c4190bb7ad29bc67b5,"SMD Chip Resistor, Thin Film, 4.7KO, 100 V, 0805 [2012 Metric], 100 mW, 0.1%, RN73 Series",1220,630,R?,4.7kR,,,2
2548,2549,1029c3af85768c4190bb7ad29bc67b5,RES 10kO 5.00% 0.2W 0603,790,640,R?,10kR,,,2
880,881,1029c3af85768c4190bb7ad29bc67b5,Thin Film Chip Resistors Automotive Grade 5.1kO 1% 50ppm/°C 0603,250,670,R?,5.1kR,,,2
1016,1017,1029c3af85768c4190bb7ad29bc67b5,RES 0 OHM JUMPER 1/8W 0805,430,670,R?,0R DNP,,,2
2914,2915,RES,,1120,670,R?,0.68R,,,4
2757,2758,1029c3af85768c4190bb7ad29bc67b5,"SMD Chip Resistor, Thin Film, 4.7KO, 100 V, 0805 [2012 Metric], 100 mW, 0.1%, RN73 Series",1220,670,R?,4.7kR,,,2
2518,2519,1029c3af85768c4190bb7ad29bc67b5,RES 10kO 5.00% 0.2W 0603,790,680,R?,10kR,,,2
909,910,1029c3af85768c4190bb7ad29bc67b5,Thin Film Chip Resistors Automotive Grade 5.1kO 1% 50ppm/°C 0603,250,700,R?,5.1kR,,,2
961,962,1029c3af85768c4190bb7ad29bc67b5,1MO ±5% 0.125W 0805 Thick Film Chip Resistor AEC-Q200 compliant,500,700,R?,1MR,,,2
3011,3012,b4654b650e69147ec39a6b967a45e02,CAP CER SMD 0603 .47UF 5% X7R 16,1120,700,C?,470nF,,,2
2727,2728,1029c3af85768c4190bb7ad29bc67b5,RES 10kO 5.00% 0.2W 0603,1220,710,R?,10kR,,,2
2082,2083,b4654b650e69147ec39a6b967a45e02,"Chip Multilayer Ceramic Capacitors for General Purpose, 1206, 22uF, X5R, 15%, 20%, 16V",670,720,C?,22uF,,,2
2286,2287,1029c3af85768c4190bb7ad29bc67b5,RES 10kO 5.00% 0.2W 0603,790,720,R?,10kR,,,2
2126,2127,CAP-NP-2,"Chip Capacitor, 100 nF, +/- 10%, 50 V, -55 to 125 degC, 0603 (1608 Metric), RoHS, Tape and Reel",690,750,C?,100nF,,,2
3064,3065,CAP,,1120,750,C?,10nF,,,4
2630,2631,1029c3af85768c4190bb7ad29bc67b5,RES 10kO 5.00% 0.2W 0603,1220,750,R?,10kR,,,2
2172,2173,1029c3af85768c4190bb7ad29bc67b5,RES 10kO 5.00% 0.2W 0603,790,760,R?,10kR,,,2
528,529,USBLC6-2SC6,Integrated Circuit,290,770,IC?,USBLC6-2SC6,STMicroelectronics,USBLC6-2SC6,6
2985,2986,02cd4be3c70576c341d710602a673aa,Multi-Layer Ceramic Capacitor 1uF 25V X7R ±10% 0603 Paper T/R,1100,790,C?,1uF,,,2
2600,2601,1029c3af85768c4190bb7ad29bc67b5,RES 10kO 5.00% 0.2W 0603,1220,790,R?,10kR,,,2
2942,2943,CAP-NP-2,"Chip Capacitor, 100 nF, +/- 10%, 50 V, -55 to 125 degC, 0603 (1608 Metric), RoHS, Tape and Reel",1120,820,C?,100nF,,,2
2875,2876,1029c3af85768c4190bb7ad29bc67b5,RES 10kO 5.00% 0.2W 0603,1220,830,R?,10kR,,,2
1361,1362,b4654b650e69147ec39a6b967a45e02,"Chip Multilayer Ceramic Capacitors for General Purpose, 0805, 10uF, X5R, 15%, 20%, 25V",490,850,C?,10uF,,,2
1249,1250,02cd4be3c70576c341d710602a673aa,Multi-Layer Ceramic Capacitor 1uF 25V X7R ±10% 0603 Paper T/R,290,860,C?,1uF,,,2
2034,2035,1029c3af85768c4190bb7ad29bc67b5,22O ±5% 0.1W 0603 Thick Film Chip Resistor AEC-Q200 compliant,650,870,R?,22R,,,2
1206,1207,CAP-NP-2,"Chip Capacitor, 100 nF, +/- 10%, 50 V, -55 to 125 degC, 0603 (1608 Metric), RoHS, Tape and Reel",310,890,C?,100nF,,,2
1274,1275,02cd4be3c70576c341d710602a673aa,Multi-Layer Ceramic Capacitor 1uF 25V X7R ±10% 0603 Paper T/R,490,890,C?,1uF,,,2
1986,1987,1029c3af85768c4190bb7ad29bc67b5,22O ±5% 0.1W 0603 Thick Film Chip Resistor AEC-Q200 compliant,650,920,R?,22R,,,2
1303,1304,1029c3af85768c4190bb7ad29bc67b5,RES 100kO 1.00% 0.2W 0603,240,930,R?,100kR,,,2
1120,1121,1029c3af85768c4190bb7ad29bc67b5,1.3kO ±5% 0.1W 0603 Thick Film Chip Resistor AEC-Q200 compliant,500,930,R?,1.3kR,,,2
660,661,PM-REG-STCS1A-IL9,"1.5A Max Constant Current LED driver, 8-Pin VDFPN, Tape and Reel",1190,950,U?,STCS1APUR,,,9
1074,1075,02cd4be3c70576c341d710602a673aa,Ceramic Capacitor for Automotive 3.3nF  ±5% 50VDC C0G 0603 Paper T/R,290,980,C?,3.3nF,,,2
3219,3220,02cd4be3c70576c341d710602a673aa,Multi-Layer Ceramic Capacitor 1uF 25V X7R ±10% 0603 Paper T/R,1130,1000,C?,1uF,,,2
1332,1333,1029c3af85768c4190bb7ad29bc67b5,RES 10kO 5.00% 0.2W 0603,550,1020,R?,10kR,,,2
415,416,e7c17a616881a82b79941196b4bec10,CONN RCPT USB2.0 TYPEC 5A,100,1030,J?,USB4105-GF-A,,,16
3176,3177,CAP-NP-2,"Chip Capacitor, 100 nF, +/- 10%, 50 V, -55 to 125 degC, 0603 (1608 Metric), RoHS, Tape and Reel",1150,1030,C?,100nF,,,2
556,557,be8a6ed96e7e7970ff670e6b7a0d8cd,IC PWR MGMT EFUSE 2.7-18V 8WSON,310,1040,U?,TPS259531DSGR,,,9
28,29,ESP32-S3-WROOM-1U-N16R8,Integrated Circuit,740,1040,IC?,ESP32-S3-WROOM-1U-N16R8,Espressif Systems,ESP32-S3-WROOM-1U-N16R8,49
346,347,MOLX-52271-0679,"1.0 mm Pitch Easy-On(TM) Type FPC Connector, 3.0 mm Mated Height, Right Angle, ZIF, SMT, Bottom Contact, 6 Circuits, -40 to 85 degC, ELV and RoHS Compliant, Tape and Reel",1320,1070,J?,52271-0679,,,8
142,143,MOLX-54132-4062,"0.5 mm Pitch Easy-On(TM) Type FPC Connector, 2.0 mm Mated Height, Right Angle, ZIF, SMT, Bottom Contact, 40 Circuits, -20 to 85 degC, ELV and RoHS Compliant, Tape and Reel",1500,1070,J?,54132-4062,,,42
